{
  "LAB-USDT-SWAP": 1778534119.152315,
  "UB-USDT-SWAP": 1778535025.0528057
}