{
  "UMA-USDT-SWAP": 1778527831.8304946,
  "LAB-USDT-SWAP": 1778528720.486063
}