{
  "NAVX-USDT": 1778475395.093358,
  "SUI-USDT": 1778475395.093358,
  "LAYER-USDT": 1778475395.093358,
  "ONDO-USDT": 1778475395.093358,
  "ENS-USDT": 1778475395.093358,
  "MOVE-USDT": 1778475395.093358,
  "KITE-USDT": 1778475395.093358,
  "CFG-USDT": 1778475395.093358,
  "IOTA-USDT": 1778475395.093358,
  "RON-USDT": 1778475395.093358,
  "ATH-USDT": 1778475395.093358,
  "UNI-USDT": 1778475395.093358,
  "ZRO-USDT": 1778475395.093358,
  "JUP-USDT": 1778475395.093358,
  "BIGTIME-USDT": 1778475395.093358,
  "WLD-USDT": 1778475395.093358,
  "ME-USDT": 1778475395.093358,
  "ZBCN-USDT": 1778475395.093358,
  "LRC-USDT": 1778475395.093358,
  "KAT-USDT": 1778475395.093358
}