{
  "DORA-USDT": 1778516131.0803077,
  "BILL-USDT-SWAP": 1778516641.8462334,
  "UP-USDT-SWAP": 1778516641.8462334
}