{
  "SAPIEN-USDT-SWAP": 1778584573.1546931,
  "LITE-USDT-SWAP": 1778584573.1546931,
  "TON-USDT-SWAP": 1778584949.808308,
  "UP-USDT-SWAP": 1778584949.808308
}