{
  "TRUTH-USDT-SWAP": 1778580937.607404,
  "AZTEC-USDT-SWAP": 1778580937.607404,
  "PENGU-USDT-SWAP": 1778581690.962041
}