{
  "BILL-USDT-SWAP": 1778526036.5956476,
  "UB-USDT-SWAP": 1778526036.5956476,
  "UMA-USDT-SWAP": 1778527831.8304946
}