{
  "SAHARA-USDT-SWAP": 1778563829.9972951,
  "ENJ-USDT-SWAP": 1778564720.6141105
}