{
  "UB-USDT-SWAP": 1778535025.0528057,
  "SAPIEN-USDT-SWAP": 1778535925.5759568
}