{
  "LAB-USDT-SWAP": 1778569234.5963767,
  "SAPIEN-USDT-SWAP": 1778569967.182288
}