{
  "TRUTH-USDT-SWAP": 1778580937.607404,
  "AZTEC-USDT-SWAP": 1778580937.607404
}