{
  "LAB-USDT-SWAP": 1778525127.0241477,
  "BILL-USDT-SWAP": 1778526036.5956476,
  "UB-USDT-SWAP": 1778526036.5956476
}