{
  "SAPIEN-USDT-SWAP": 1778569967.182288,
  "H-USDT-SWAP": 1778570973.204928,
  "SAHARA-USDT-SWAP": 1778570973.204928
}