{
  "H-USDT-SWAP": 1778570973.204928,
  "SAHARA-USDT-SWAP": 1778570973.204928
}