{
  "SAPIEN-USDT-SWAP": 1778584573.1546931,
  "LITE-USDT-SWAP": 1778584573.1546931
}