{
  "TRUTH-USDT-SWAP": 1778580937.607404,
  "AZTEC-USDT-SWAP": 1778580937.607404,
  "PENGU-USDT-SWAP": 1778581690.962041,
  "BILL-USDT-SWAP": 1778582328.7850876,
  "SAPIEN-USDT-SWAP": 1778582328.7850876,
  "LITE-USDT-SWAP": 1778582328.7850876,
  "NG-USDT-SWAP": 1778582328.7850876
}