{
  "TRUTH-USDT-SWAP": 1778555717.460285,
  "STABLE-USDT-SWAP": 1778555717.460285
}